gen,QIEA,QIEA-norestart,NSGA-II,SPEA2,MOEA/D,RVEA
0,626681995424.791,626681995424.791,,,,
10,1413669623299.1875,1413669623299.1875,1462310791213.5776,1478513463767.8052,3488687145465.67,1913512269031.8047
20,1847385538955.0625,1847385538955.0625,1874709069321.2114,2177082748866.9521,4861811575839.549,3487998227321.625
30,2769212284167.301,3013123863451.6875,2566338899330.165,2600808299765.3623,6317058820773.107,4647778881014.594
40,3099949094070.5,3303769348833.8594,2661162815749.567,2962006876772.1055,6893133372597.346,5143436591204.469
50,3103979094039.875,3347911058346.4375,3148469161293.321,3300180185875.9756,7081894979787.615,5668453096780.0625
60,3116187226234.75,3606031935028.6875,3403151598306.2173,3588557647478.549,7273840018373.355,5831261497569.527
70,3165708940775.0,3608775963153.9062,3509957958556.4185,3978453230714.2163,7174641245649.624,6353144496185.479
80,3059788716445.385,3609536574898.0,3689365456551.8984,4659605196937.849,7246232037259.862,6966185177469.449
90,3175313176219.4272,3609536574898.0,3832041552204.092,4743453583191.193,7129091535798.432,6998057544661.114
100,3363175502089.125,3601904798189.5,4043112803337.3203,5059801903106.702,7133818899009.413,7249615934720.522
110,3569343333521.4062,3602225851158.5,4450197347457.096,5183710966895.497,7261862358178.364,6508525157138.0
120,3471114558622.0,3602225851158.5,4749034324434.939,5539816314574.169,7261733043387.977,6998386540413.121
130,3522732813589.5625,3602225851158.5,4912733605354.008,5541563016957.505,7261707486433.168,7416123079223.0
140,3571883122656.375,3602225851158.5,4924468465458.299,5677252998724.678,7269324809686.24,7518299677258.802
150,3561968913162.3125,3658914820329.0,5011697108161.393,6033907625317.155,7258351091630.433,7559236960313.363
160,3490435251161.9375,3658914820329.0,5112753749708.848,6039620457300.559,7232911358517.072,7821473958853.802
170,3538161775645.375,3658914820329.0,5280291086435.816,6048417711219.486,7233020205529.727,7822567942280.0
180,3531616473132.25,3658914820329.0,5321414139625.79,6113710058594.305,7341217513689.354,7824844664226.0
190,3529698614383.8438,3658914820329.0,5353869733642.916,6215282819362.609,7344873493869.124,7882290544027.969
200,3580557873412.0,3658914820329.0,5391923431133.816,6227368190995.27,7464627297441.97,8067232274795.737
210,3702188969370.5,3658914820329.0,5585878824205.386,6238059451092.095,7464661163299.312,8052386450951.312
220,3580512141356.875,3658914820329.0,5898765865175.589,6321745148935.703,7464724421404.16,8016369810543.45
230,3627472388114.0,3658914820329.0,6280992799273.701,6364029399422.8,7457325617375.879,8016406225945.139
240,3742552211996.3384,3658914820329.0,6305368129551.014,6372140052178.159,7457193659083.672,8249605932954.647
250,4024715178238.0938,3658914820329.0,6342763503781.119,6384575268831.393,7343472329276.934,8269608376114.916
260,4024454492667.9277,3658914820329.0,6681807079642.009,6649142107872.669,7261129192384.394,8106182692745.754
270,4091282118361.7046,3658914820329.0,6710428697245.031,6673787440706.554,7261122307163.503,8108387534437.352
280,3811310315229.128,3658914820329.0,6766971671600.828,6690408550317.705,7261122415371.143,8107953007122.531
290,3844550040608.698,3658914820329.0,6863590779095.857,6746545207190.74,7261101494705.155,8107953007122.531
300,3939525969436.4414,3658914820329.0,6966260489539.095,6752508276443.345,7261084851951.869,8108917053475.199
310,3995289047367.266,3658914820329.0,6978738354448.592,6758533581595.525,7340819872247.834,8188020012319.344
320,4006794786499.888,3658914820329.0,6989905185482.156,6763969940073.817,7340819872247.834,8264859423439.18
330,4044964211172.5,3658914820329.0,7036769219066.652,6803334118712.73,7394655503140.537,8265188854268.747
340,4087524975435.24,3658914820329.0,7052208920108.128,6811417515188.427,7393969230188.612,8351828091609.169
350,4148472533766.6284,3658914820329.0,7100929371162.824,6862185169887.592,7393970855501.591,8281231513205.885
360,4079553432290.0566,3658914820329.0,7130382049449.584,6883345327392.402,7393970860706.053,8341918282441.996
370,4005182307860.8975,3658914820329.0,7150702094643.096,6984598529682.458,7393970860706.053,8343159400731.516
380,4268358520787.645,3658914820329.0,7188580236456.201,7081299535717.412,7394376268397.581,8343650743800.886
390,4143409662086.1997,3658914820329.0,7200076772306.62,7088532957508.518,7394376268397.581,8343698995332.346
400,4275107682686.079,3658914820329.0,7204340458290.611,7103152438635.886,7538611428926.234,8343432595618.93
410,4218024135471.0996,3658914820329.0,7204913335509.104,7170137940040.676,7573621674011.026,8337454238599.965
420,4304099580580.6206,3658914820329.0,7422848863660.069,7290939800124.088,7811935079525.16,8337459656179.306
430,4281036636314.999,3658914820329.0,7521969912762.479,7388688611700.801,7613727397953.407,8347292802912.255
440,4250767374805.625,3658914820329.0,7632768997527.605,7412713969879.916,7813858491434.734,8358486367471.083
450,4638711423739.477,3658914820329.0,7640444849939.963,7417851498671.42,7869199949341.197,8360426649345.771
460,4575781935614.656,3658914820329.0,7644654861104.803,7504969916248.787,7657414093959.739,8309385517519.607
470,4575765349132.5625,3658914820329.0,7658885139739.051,7515191043518.613,7657439802366.569,8309385517519.607
480,4578033409233.359,3658914820329.0,7774168289800.059,7781805567167.644,7666850197390.94,8309385517519.607
490,4692928772920.781,3658914820329.0,7776982516948.305,7794618746322.557,7694894370701.2,8314379666915.394
500,4605716874067.766,3658914820329.0,7780560343646.228,7828737997356.834,7764348922643.37,8314379666915.395
