hypervolume,spacing,spread,n_solutions,config_label,run,time_s,neighborhood_size,theta_max,theta_min,mutation_prob,n_partitions
427472046099.8447,614.3839114534385,1.0063536584288058,6,baseline,0,1.2140555381774902,10,0.35,0.02,0.05,5
771690524913.1875,452.51864491511003,1.0018812495814324,5,baseline,1,1.2288553714752197,10,0.35,0.02,0.05,5
1237171990420.9297,392.717075283946,1.047711121612056,7,baseline,2,1.2271432876586914,10,0.35,0.02,0.05,5
1221190867358.0723,380.28955879671196,1.01587751708904,5,baseline,3,1.2285857200622559,10,0.35,0.02,0.05,5
1446232259908.961,506.433806281554,1.0404931184792705,6,baseline,4,1.2451708316802979,10,0.35,0.02,0.05,5
590541500706.3833,635.9974366417604,1.0226324662679414,6,neighborhood_size=5,0,0.8799974918365479,5,0.35,0.02,0.05,5
1055952962536.6641,313.28030601065774,1.0369458440421127,8,neighborhood_size=5,1,0.8819453716278076,5,0.35,0.02,0.05,5
513513895362.84375,602.4475383973117,1.10022580104247,10,neighborhood_size=5,2,0.9596664905548096,5,0.35,0.02,0.05,5
1402995782289.9077,715.2148221338505,1.105290857649104,13,neighborhood_size=5,3,0.8806648254394531,5,0.35,0.02,0.05,5
890912189788.6875,737.8926491564634,1.0910998334517523,8,neighborhood_size=5,4,0.8779740333557129,5,0.35,0.02,0.05,5
716035554268.7188,264.98022982509093,1.0052966051895513,12,neighborhood_size=15,0,1.596269130706787,15,0.35,0.02,0.05,5
1102852847439.1719,484.3696303794894,1.0640566801402447,9,neighborhood_size=15,1,1.6084282398223877,15,0.35,0.02,0.05,5
843744620914.0469,294.2682564134294,0.9431311332231612,5,neighborhood_size=15,2,1.6162817478179932,15,0.35,0.02,0.05,5
798703646238.0312,333.16538159061867,1.046032544543571,10,neighborhood_size=15,3,1.6164517402648926,15,0.35,0.02,0.05,5
603832687837.3809,864.2926786297547,1.0377919627671823,6,neighborhood_size=15,4,1.6097338199615479,15,0.35,0.02,0.05,5
437213943834.09375,358.24225302519073,1.0797940873070662,11,neighborhood_size=20,0,1.9761972427368164,20,0.35,0.02,0.05,5
1079115679853.3516,328.1548012096819,1.0142182208534818,8,neighborhood_size=20,1,1.980663776397705,20,0.35,0.02,0.05,5
993847323455.6797,242.8652889238983,0.9476170279241732,5,neighborhood_size=20,2,1.9734570980072021,20,0.35,0.02,0.05,5
744298077695.9375,124.02458974309214,0.9835616116549425,10,neighborhood_size=20,3,1.9805784225463867,20,0.35,0.02,0.05,5
1218699535890.921,710.9734577950372,1.0499273355068837,4,neighborhood_size=20,4,1.975020170211792,20,0.35,0.02,0.05,5
1309420899212.3516,332.78361484580785,1.0591809132804186,8,neighborhood_size=30,0,2.727450370788574,30,0.35,0.02,0.05,5
530063695392.896,984.1760996810115,1.0409194071293562,4,neighborhood_size=30,1,2.7186765670776367,30,0.35,0.02,0.05,5
594729892192.6895,319.06273971766956,1.023148842744441,8,neighborhood_size=30,2,2.702481508255005,30,0.35,0.02,0.05,5
1116199246785.121,197.83804978477264,1.0201237940895664,7,neighborhood_size=30,3,2.7078146934509277,30,0.35,0.02,0.05,5
854325832269.564,953.0543221380076,1.0209236485819142,5,neighborhood_size=30,4,2.703890323638916,30,0.35,0.02,0.05,5
722058914781.7109,358.85679936981603,1.010121352087535,8,neighborhood_size=50,0,4.16579794883728,50,0.35,0.02,0.05,5
899732646824.2969,651.4147590722874,1.0024019266594626,7,neighborhood_size=50,1,4.171253442764282,50,0.35,0.02,0.05,5
923562714749.5156,253.0073595128462,0.9760199128503121,4,neighborhood_size=50,2,4.173715591430664,50,0.35,0.02,0.05,5
937292326186.1719,71.12714020757222,0.9117160729088744,8,neighborhood_size=50,3,4.189449310302734,50,0.35,0.02,0.05,5
904209702349.0459,279.85079851781865,0.9953524858928517,5,neighborhood_size=50,4,4.183093070983887,50,0.35,0.02,0.05,5
990381678642.8994,213.44787760439007,1.0048031037403806,5,mutation_prob=0.01,0,1.2703218460083008,10,0.35,0.02,0.01,5
974502505114.375,161.7948658725522,0.9656804933146413,8,mutation_prob=0.01,1,1.2673254013061523,10,0.35,0.02,0.01,5
597015686477.5647,54.99493163468857,0.9703902097901307,13,mutation_prob=0.01,2,1.266955852508545,10,0.35,0.02,0.01,5
1152488166659.891,45.669638877643976,0.9882445392959172,3,mutation_prob=0.01,3,1.2654731273651123,10,0.35,0.02,0.01,5
1276893974938.9375,270.00305084260106,1.01454951059381,6,mutation_prob=0.01,4,1.2651219367980957,10,0.35,0.02,0.01,5
1120366580251.1934,219.97406557395163,0.9934647616375946,5,mutation_prob=0.02,0,1.2619202136993408,10,0.35,0.02,0.02,5
671653171543.7803,111.1701741610154,0.9803912573043737,5,mutation_prob=0.02,1,1.2595627307891846,10,0.35,0.02,0.02,5
762572823255.5312,308.496688625835,1.0375903063919276,9,mutation_prob=0.02,2,1.265465259552002,10,0.35,0.02,0.02,5
675295126452.8047,407.03642559739,1.0663801951707355,9,mutation_prob=0.02,3,1.2673759460449219,10,0.35,0.02,0.02,5
983697218343.4912,1206.6371687028172,1.0647749610429795,4,mutation_prob=0.02,4,1.258150339126587,10,0.35,0.02,0.02,5
954102835237.9609,498.7212999472968,1.0483721395336822,7,mutation_prob=0.07,0,1.2740345001220703,10,0.35,0.02,0.07,5
875179138907.4688,399.3029834877913,0.9755520525470978,4,mutation_prob=0.07,1,1.2532694339752197,10,0.35,0.02,0.07,5
1064193585932.0078,409.83706478425177,1.0342891640761154,8,mutation_prob=0.07,2,1.279097318649292,10,0.35,0.02,0.07,5
1359873838408.373,54.85540552715303,0.8572259631154341,5,mutation_prob=0.07,3,1.284700632095337,10,0.35,0.02,0.07,5
793628963593.668,492.60349356304573,1.0202359150368312,4,mutation_prob=0.07,4,1.2793214321136475,10,0.35,0.02,0.07,5
1235990283269.1875,1107.7667058874517,1.0932159430675674,7,mutation_prob=0.1,0,1.2831463813781738,10,0.35,0.02,0.1,5
1061027216677.8125,134.18201625669,0.9450066531174548,8,mutation_prob=0.1,1,1.2816646099090576,10,0.35,0.02,0.1,5
1392788614174.5615,92.90390573798675,1.0129445438574871,23,mutation_prob=0.1,2,1.2829368114471436,10,0.35,0.02,0.1,5
1084298631271.471,527.5050657234018,1.0888569809006063,14,mutation_prob=0.1,3,1.2936809062957764,10,0.35,0.02,0.1,5
717424181472.4688,438.47168329953394,1.053597011366359,9,mutation_prob=0.1,4,1.2904326915740967,10,0.35,0.02,0.1,5
1314557757478.7515,194.87191333728103,0.8818627646120774,3,mutation_prob=0.15,0,1.2880141735076904,10,0.35,0.02,0.15,5
687020016764.7734,633.7296810773879,1.0552265768665512,6,mutation_prob=0.15,1,1.2921111583709717,10,0.35,0.02,0.15,5
760010270981.75,350.17923596821447,1.0098716736325148,12,mutation_prob=0.15,2,1.2684152126312256,10,0.35,0.02,0.15,5
938443802972.6875,231.93035102597187,0.9918472259764397,11,mutation_prob=0.15,3,1.2733023166656494,10,0.35,0.02,0.15,5
863250099862.4863,23.838226824085666,0.7640601942557215,6,mutation_prob=0.15,4,1.2897520065307617,10,0.35,0.02,0.15,5
767058699974.9375,553.0632092929599,1.057086111752135,7,mutation_prob=0.2,0,1.275296688079834,10,0.35,0.02,0.2,5
561515818890.0391,244.51824940949692,0.9789938079348061,9,mutation_prob=0.2,1,1.2821755409240723,10,0.35,0.02,0.2,5
929661448602.6719,798.5007775164046,1.0284534662630123,7,mutation_prob=0.2,2,1.2860689163208008,10,0.35,0.02,0.2,5
756969779809.125,41.96193798215542,0.8636059060010379,12,mutation_prob=0.2,3,1.2840917110443115,10,0.35,0.02,0.2,5
565222285994.8906,423.5556516871811,1.0219513393298094,11,mutation_prob=0.2,4,1.3003690242767334,10,0.35,0.02,0.2,5
736613936092.0504,48.26166403229267,0.8159959552939567,3,mutation_prob=0.3,0,1.3120856285095215,10,0.35,0.02,0.3,5
670326456464.5312,40.7262078977372,0.8630725716832922,11,mutation_prob=0.3,1,1.305150032043457,10,0.35,0.02,0.3,5
503633261563.2295,231.26538496980888,0.9180805948567319,6,mutation_prob=0.3,2,1.2980077266693115,10,0.35,0.02,0.3,5
728250309868.3511,264.4351903285389,0.8773853011297565,5,mutation_prob=0.3,3,1.303614616394043,10,0.35,0.02,0.3,5
833596858059.0469,184.3238011716748,0.953175336524899,6,mutation_prob=0.3,4,1.305584192276001,10,0.35,0.02,0.3,5
1171615251886.0356,48.92704404300252,0.7882180042695598,3,theta_max=0.15,0,1.3191916942596436,10,0.15,0.02,0.05,5
1478199487060.9727,44.250155732277655,0.9296034564297523,6,theta_max=0.15,1,1.2948882579803467,10,0.15,0.02,0.05,5
1252212301457.292,788.4594561215877,1.0642847156528366,5,theta_max=0.15,2,1.2947392463684082,10,0.15,0.02,0.05,5
1092305697683.6714,475.2186756149196,1.0071236634695806,4,theta_max=0.15,3,1.2912771701812744,10,0.15,0.02,0.05,5
836155264419.3567,343.53386669358946,1.0486539109182091,16,theta_max=0.15,4,1.2862610816955566,10,0.15,0.02,0.05,5
831588147819.8555,160.14824589936904,0.9460494976229389,7,theta_max=0.25,0,1.2975435256958008,10,0.25,0.02,0.05,5
1244544829807.5,169.85860806304996,1.0250505928897553,11,theta_max=0.25,1,1.291198968887329,10,0.25,0.02,0.05,5
847431163089.4268,264.7184233870492,0.9892126644074378,6,theta_max=0.25,2,1.2785587310791016,10,0.25,0.02,0.05,5
1130035885307.625,160.19126713911766,1.0194878145424577,12,theta_max=0.25,3,1.279555082321167,10,0.25,0.02,0.05,5
1156807110988.4453,974.6799899162194,1.0692116882712996,8,theta_max=0.25,4,1.2799854278564453,10,0.25,0.02,0.05,5
947816703937.8516,354.567004298353,1.042666210348513,7,theta_max=0.5,0,1.291008710861206,10,0.5,0.02,0.05,5
789485912352.9316,496.12315900253617,1.0696393524745684,7,theta_max=0.5,1,1.2811627388000488,10,0.5,0.02,0.05,5
751556070311.7637,472.07133373692227,1.014389884145549,7,theta_max=0.5,2,1.2770309448242188,10,0.5,0.02,0.05,5
868696316041.6875,216.98448514198833,1.0014058151342482,7,theta_max=0.5,3,1.2819297313690186,10,0.5,0.02,0.05,5
1056841858909.7784,613.9052632700341,1.0754695593522756,13,theta_max=0.5,4,1.2811057567596436,10,0.5,0.02,0.05,5
1535502294104.5469,480.9292811047616,1.0581050051112169,7,theta_max=0.7,0,1.289599895477295,10,0.7,0.02,0.05,5
1276952736394.5469,189.88465127373775,1.0379872723572292,8,theta_max=0.7,1,1.2908601760864258,10,0.7,0.02,0.05,5
1143836395361.8555,741.9021412988378,1.0287051622719043,5,theta_max=0.7,2,1.279900312423706,10,0.7,0.02,0.05,5
1147484735967.6758,93.87456073411181,0.9348835524202149,6,theta_max=0.7,3,1.2795679569244385,10,0.7,0.02,0.05,5
754061005884.6326,256.8668554190941,0.9136468842283689,4,theta_max=0.7,4,1.2770166397094727,10,0.7,0.02,0.05,5
1365636779389.7734,257.71827375856907,1.0439201926314223,7,theta_max=0.9,0,1.2798495292663574,10,0.9,0.02,0.05,5
1194787017208.5508,183.30271429509827,1.0110574673881807,6,theta_max=0.9,1,1.2793867588043213,10,0.9,0.02,0.05,5
751111985079.707,222.92216510120375,0.9578413007224763,7,theta_max=0.9,2,1.2761235237121582,10,0.9,0.02,0.05,5
1104354034246.6948,683.6524987894124,0.9312879980181227,3,theta_max=0.9,3,1.2781455516815186,10,0.9,0.02,0.05,5
992494084607.9688,255.94541240356537,1.0448044218551313,10,theta_max=0.9,4,1.274596929550171,10,0.9,0.02,0.05,5
1213325661704.375,726.901143232946,1.0918137689716088,11,theta_min=0.005,0,1.2806732654571533,10,0.35,0.005,0.05,5
600934098549.2107,598.1489452897858,0.9664117356210039,5,theta_min=0.005,1,1.279280185699463,10,0.35,0.005,0.05,5
932100734790.7852,596.7332433647041,1.0596174596002657,6,theta_min=0.005,2,1.2804105281829834,10,0.35,0.005,0.05,5
1360247236630.9531,35.30302281255577,0.8688250766858524,8,theta_min=0.005,3,1.286790370941162,10,0.35,0.005,0.05,5
925681468102.9043,442.0535650427941,1.0199728529881344,6,theta_min=0.005,4,1.2803215980529785,10,0.35,0.005,0.05,5
954346620200.9414,690.6880532430878,1.0429864640335498,8,theta_min=0.01,0,1.284008264541626,10,0.35,0.01,0.05,5
934766144940.5625,298.86668069802005,1.03696703772363,11,theta_min=0.01,1,1.284604549407959,10,0.35,0.01,0.05,5
1218843725119.25,99.38890574569743,1.0221868680541595,12,theta_min=0.01,2,1.2713191509246826,10,0.35,0.01,0.05,5
1268855665568.0781,132.58194932368664,1.0219200534803645,7,theta_min=0.01,3,1.2560935020446777,10,0.35,0.01,0.05,5
1016409323379.6836,539.5322320901521,1.0627777133121914,7,theta_min=0.01,4,1.2509629726409912,10,0.35,0.01,0.05,5
1037830485131.0215,838.9768517563806,1.0431813652559645,6,theta_min=0.05,0,1.2519216537475586,10,0.35,0.05,0.05,5
888205349214.3301,76.74113131102426,0.9857783079499413,5,theta_min=0.05,1,1.253129482269287,10,0.35,0.05,0.05,5
916897018908.2812,113.03564894711623,0.9266094747142705,10,theta_min=0.05,2,1.2541358470916748,10,0.35,0.05,0.05,5
1302655280098.8525,776.2827857432648,1.0659690869819656,5,theta_min=0.05,3,1.2610673904418945,10,0.35,0.05,0.05,5
727694275180.3188,800.7771860109,1.0206522003084215,5,theta_min=0.05,4,1.2611055374145508,10,0.35,0.05,0.05,5
1384694970179.414,697.8554329694624,1.0280425642743605,6,theta_min=0.1,0,1.256321907043457,10,0.35,0.1,0.05,5
1220302091313.625,53.69622759979007,0.9401195511864201,11,theta_min=0.1,1,1.2535250186920166,10,0.35,0.1,0.05,5
1478803015430.837,321.7215764213446,1.0588010875180334,4,theta_min=0.1,2,1.2575514316558838,10,0.35,0.1,0.05,5
1381587299762.8828,350.49307494149116,1.0068538965394283,8,theta_min=0.1,3,1.2599492073059082,10,0.35,0.1,0.05,5
1563878908278.9414,584.555020945369,1.0569053766272658,5,theta_min=0.1,4,1.258284568786621,10,0.35,0.1,0.05,5
1018782340603.0,14.640308790463868,0.9246338165950212,12,theta_min=0.15,0,1.2573645114898682,10,0.35,0.15,0.05,5
896440153832.5703,34.32262492127214,0.8689684088946841,8,theta_min=0.15,1,1.2538409233093262,10,0.35,0.15,0.05,5
1417498838772.5273,261.60489233286484,0.9434468967771871,6,theta_min=0.15,2,1.251805305480957,10,0.35,0.15,0.05,5
1166964443844.2188,45.1374059742031,0.9737011386114975,10,theta_min=0.15,3,1.2624499797821045,10,0.35,0.15,0.05,5
1063200948013.3063,0.0,0.7142857142857143,2,theta_min=0.15,4,1.2529783248901367,10,0.35,0.15,0.05,5
478983913314.64844,398.20689919946557,1.0277288133963391,9,theta_min=0.2,0,1.2595856189727783,10,0.35,0.2,0.05,5
811541380793.1465,30.250017388546663,0.9201815303977238,13,theta_min=0.2,1,1.2678554058074951,10,0.35,0.2,0.05,5
792467213884.7388,629.3387198111017,1.0346740444395583,5,theta_min=0.2,2,1.2578256130218506,10,0.35,0.2,0.05,5
758954086163.9231,573.9473039721087,0.9679827933993599,3,theta_min=0.2,3,1.2595458030700684,10,0.35,0.2,0.05,5
1530546817926.4822,0.0,0.7142857142857142,2,theta_min=0.2,4,1.2634551525115967,10,0.35,0.2,0.05,5
803881383955.0005,199.0031355372544,0.985937507266917,4,theta_min=0.25,0,1.2681820392608643,10,0.35,0.25,0.05,5
1112820251364.6484,56.92861457044872,0.879859854939127,6,theta_min=0.25,1,1.2728464603424072,10,0.35,0.25,0.05,5
1216653416568.791,586.2021386695211,1.0234199269251492,5,theta_min=0.25,2,1.2660930156707764,10,0.35,0.25,0.05,5
953680099771.125,83.01958177179384,0.9911051953660176,10,theta_min=0.25,3,1.2741656303405762,10,0.35,0.25,0.05,5
1050054536637.2031,151.32579911410986,0.9874693073319961,7,theta_min=0.25,4,1.2718660831451416,10,0.35,0.25,0.05,5
650617847970.5312,363.8419445658803,1.0250540252012919,10,combined-best-matched,0,1.2798523902893066,10,0.7,0.1,0.1,5
1076399835352.8125,36.28560724879112,0.9222517031779893,7,combined-best-matched,1,1.2784321308135986,10,0.7,0.1,0.1,5
783691383926.4062,371.4688360256628,1.0566006049650898,9,combined-best-matched,2,1.2706947326660156,10,0.7,0.1,0.1,5
1002950629735.6641,230.10471810687247,0.9200278004262346,4,combined-best-matched,3,1.2665307521820068,10,0.7,0.1,0.1,5
625311997477.2656,460.9548952693169,1.034066088395433,11,combined-best-matched,4,1.2670609951019287,10,0.7,0.1,0.1,5
1249013289321.6562,46.31442271665646,0.9432846749555986,7,combined-best-matched,5,1.2654526233673096,10,0.7,0.1,0.1,5
817479266356.3047,599.8125007538505,1.0660165912991786,9,combined-best-matched,6,1.265023946762085,10,0.7,0.1,0.1,5
596972389550.252,673.9460271764003,1.0068585450143464,5,combined-best-matched,7,1.265920877456665,10,0.7,0.1,0.1,5
823478035161.4375,570.3442182184901,1.0433455428933995,11,combined-best-matched,8,1.2546238899230957,10,0.7,0.1,0.1,5
939066202379.0938,281.78030369209614,0.9459697580929995,8,combined-best-matched,9,1.2583324909210205,10,0.7,0.1,0.1,5
