hypervolume,spacing,spread,n_solutions,config_label,run,time_s,neighborhood_size,mutation_prob,n_partitions
1395844605.8901367,148.40654795077842,0.9857456735911164,12,baseline,0,2.786372184753418,10,0.05,5
813399268.6156309,62.455419227869676,0.9666055531983585,26,baseline,1,2.8174233436584473,10,0.05,5
1037831271.6582257,242.9171876542146,1.028955664887264,27,baseline,2,2.9361348152160645,10,0.05,5
1035874465.7676492,274.5795362221242,1.0307643641215545,16,baseline,3,2.8926029205322266,10,0.05,5
1178993417.5303984,122.75154887976885,0.9787546302507786,22,baseline,4,2.868133306503296,10,0.05,5
1403305660.7852225,228.72385246970282,1.0280269921621035,19,neighborhood_size=5,0,2.4845213890075684,5,0.05,5
1129051391.7644958,169.35688563032647,0.9886166050949249,11,neighborhood_size=5,1,2.5125374794006348,5,0.05,5
1372879001.7375712,239.3230050403614,1.028240923446777,19,neighborhood_size=5,2,2.5268640518188477,5,0.05,5
979070879.1395175,63.870595963131265,0.9453117499542502,19,neighborhood_size=5,3,2.448410987854004,5,0.05,5
910093404.9012711,166.89513371069134,0.9943107083738962,29,neighborhood_size=5,4,2.5358951091766357,5,0.05,5
854104323.7592586,55.45757308629319,0.9366843178897323,21,neighborhood_size=15,0,3.22200083732605,15,0.05,5
1372100229.0811262,67.2199221459614,0.9466736887761702,23,neighborhood_size=15,1,3.2714593410491943,15,0.05,5
1428110796.142424,46.76797883487724,0.8451743261490577,16,neighborhood_size=15,2,3.3550899028778076,15,0.05,5
2263262884.396788,191.22346851354726,1.006471781814875,15,neighborhood_size=15,3,3.3196442127227783,15,0.05,5
1208299318.531449,104.4972294866691,0.9923371515334725,18,neighborhood_size=15,4,3.392317533493042,15,0.05,5
1214023114.91716,84.4323571211272,0.9618748331242191,16,neighborhood_size=20,0,3.6467719078063965,20,0.05,5
1855630065.786621,77.96579817748108,0.955981330207222,11,neighborhood_size=20,1,3.521702527999878,20,0.05,5
1394283355.165041,76.16599898460943,0.9430868540651433,16,neighborhood_size=20,2,3.299180507659912,20,0.05,5
1154294033.7015977,202.28013891593778,1.0334108372492983,21,neighborhood_size=20,3,3.348236322402954,20,0.05,5
1598113991.2172031,151.11489443684547,0.9894785772174219,18,neighborhood_size=20,4,3.576457977294922,20,0.05,5
1118359813.8571482,104.0854517356216,0.9657613639782181,24,neighborhood_size=30,0,4.0722901821136475,30,0.05,5
1088232387.0471203,154.39667739608993,0.9899634927256719,16,neighborhood_size=30,1,4.1726672649383545,30,0.05,5
1910087731.4871202,410.3907710614955,1.0904828233364854,20,neighborhood_size=30,2,4.224882125854492,30,0.05,5
1411027837.429576,357.03065088409113,1.0817896234186193,16,neighborhood_size=30,3,4.158967018127441,30,0.05,5
1216618418.051971,414.87701774946026,1.0686965829008819,18,neighborhood_size=30,4,4.1675684452056885,30,0.05,5
1402548040.3044434,50.85045852651341,0.9610637109896909,12,neighborhood_size=50,0,5.579374074935913,50,0.05,5
1171693133.9519687,128.38007899094887,1.009014110448619,24,neighborhood_size=50,1,5.742379665374756,50,0.05,5
921085521.26371,61.643247192573654,0.9807020188120228,21,neighborhood_size=50,2,6.090091943740845,50,0.05,5
1214062234.249178,206.25500095469678,1.0259878927420862,15,neighborhood_size=50,3,6.325220346450806,50,0.05,5
1839004762.5270305,268.7313502709405,1.0551607603219029,18,neighborhood_size=50,4,6.006995439529419,50,0.05,5
1781965643.8791254,62.79066518290553,0.9942474052439538,21,mutation_prob=0.01,0,2.6585006713867188,10,0.01,5
2442053141.828476,431.2879402898972,1.1200836055413055,22,mutation_prob=0.01,1,2.7024593353271484,10,0.01,5
1457281418.923706,194.6958653273059,1.0621866488113434,11,mutation_prob=0.01,2,2.8337795734405518,10,0.01,5
2493165232.950799,371.1312548564271,1.0951038862680407,29,mutation_prob=0.01,3,2.7749032974243164,10,0.01,5
1717335646.7813191,260.22581497056103,1.0649743462458632,23,mutation_prob=0.01,4,2.792956590652466,10,0.01,5
2198559112.92677,173.9651748049589,1.0222764665793604,31,mutation_prob=0.02,0,2.6572816371917725,10,0.02,5
1332824654.8281069,57.74818449979307,0.9700024760728828,26,mutation_prob=0.02,1,2.6424896717071533,10,0.02,5
1555175389.0554268,161.6922858381404,0.975595041851221,23,mutation_prob=0.02,2,2.631566286087036,10,0.02,5
1824433756.6537929,42.91028292308989,0.9661831934997249,21,mutation_prob=0.02,3,2.632566213607788,10,0.02,5
1838742287.7687502,225.35879748140755,1.0445584544589617,24,mutation_prob=0.02,4,2.617851734161377,10,0.02,5
1100305881.9736924,148.91396593192266,0.9887396074315802,27,mutation_prob=0.07,0,2.62229585647583,10,0.07,5
1088702248.7895002,182.94167566104068,1.0223488971550658,22,mutation_prob=0.07,1,2.6319546699523926,10,0.07,5
1446439916.2381864,210.9892010873503,1.0305116193950403,21,mutation_prob=0.07,2,2.5974907875061035,10,0.07,5
1128713026.4146905,252.9433878707951,1.0112304535966758,20,mutation_prob=0.07,3,2.5996599197387695,10,0.07,5
1201697384.6218796,47.80424861943619,0.9550359096369043,19,mutation_prob=0.07,4,2.594968318939209,10,0.07,5
685657841.210604,251.02994828276343,0.9834025692533545,15,mutation_prob=0.1,0,2.5994741916656494,10,0.1,5
849308690.4379921,105.48962337871478,0.9586865875264355,25,mutation_prob=0.1,1,2.598675012588501,10,0.1,5
1126493120.8108823,40.7230797903733,0.8332294222286131,16,mutation_prob=0.1,2,2.592881679534912,10,0.1,5
1324810274.0873413,79.91654869736278,0.8676479165919307,10,mutation_prob=0.1,3,2.589463472366333,10,0.1,5
530934481.8211625,58.99790800770295,0.9256216378373784,26,mutation_prob=0.1,4,2.5865464210510254,10,0.1,5
813810353.6904035,216.59918638500798,1.0148419955672978,17,mutation_prob=0.15,0,2.583587646484375,10,0.15,5
638096735.141034,61.12417190021623,0.8947795977787945,13,mutation_prob=0.15,1,2.5908544063568115,10,0.15,5
756019452.2465689,54.32072985580014,0.9062979349859301,21,mutation_prob=0.15,2,2.593245029449463,10,0.15,5
807343857.8220005,98.91538722973463,0.9485794435555174,13,mutation_prob=0.15,3,2.5806736946105957,10,0.15,5
928737005.8431678,284.8406764349484,1.0189338115080047,13,mutation_prob=0.15,4,2.5834803581237793,10,0.15,5
612761584.6598433,126.87546169792594,0.9827973590765857,14,mutation_prob=0.2,0,2.590506076812744,10,0.2,5
674479428.3451238,41.796196246629115,0.8978220630449627,19,mutation_prob=0.2,1,2.5994577407836914,10,0.2,5
705038893.3804092,59.55956660846111,0.8814045543741381,19,mutation_prob=0.2,2,2.59257173538208,10,0.2,5
701292279.0850401,132.09920051993282,0.9959126761849523,19,mutation_prob=0.2,3,2.5914618968963623,10,0.2,5
534306466.5658028,36.027211982616734,0.8936641934521987,29,mutation_prob=0.2,4,2.578942060470581,10,0.2,5
571601476.8020782,209.90229375030512,0.9760488465662897,11,mutation_prob=0.3,0,2.5961203575134277,10,0.3,5
478951616.3616718,106.64162495681231,0.976409437805809,19,mutation_prob=0.3,1,2.588639497756958,10,0.3,5
770204671.7262181,90.38013491837141,0.8752295298642101,13,mutation_prob=0.3,2,2.5827043056488037,10,0.3,5
576667510.0786604,26.748587547930505,0.902710921100592,27,mutation_prob=0.3,3,2.587327241897583,10,0.3,5
498785759.1654385,53.39874688479179,0.9264526261705708,23,mutation_prob=0.3,4,2.591055393218994,10,0.3,5
1146661582.1374512,148.40654795077842,0.9857456735911164,12,confirm-baseline,0,2.576388120651245,10,0.05,5
599424022.579584,62.455419227869676,0.9666055531983585,26,confirm-baseline,1,2.581908702850342,10,0.05,5
796649803.0835766,242.9171876542146,1.028955664887264,27,confirm-baseline,2,2.5726165771484375,10,0.05,5
759006501.252914,274.5795362221242,1.0307643641215545,16,confirm-baseline,3,2.575927972793579,10,0.05,5
892624716.4172044,122.75154887976885,0.9787546302507786,22,confirm-baseline,4,2.585378646850586,10,0.05,5
1189065043.856235,70.94158036532107,0.9695357778637376,17,confirm-baseline,5,2.577704906463623,10,0.05,5
1055758076.0988908,148.7035957211472,0.9668181589984072,18,confirm-baseline,6,2.585221290588379,10,0.05,5
817984661.8661988,127.329278567851,0.9906121487055426,25,confirm-baseline,7,2.578659772872925,10,0.05,5
864337750.065634,201.62844609158049,1.0075454493678455,16,confirm-baseline,8,2.577544689178467,10,0.05,5
851636278.4004915,78.64052554099622,0.9770601543727745,21,confirm-baseline,9,2.578150749206543,10,0.05,5
831986506.9293247,313.7682836912661,1.0373430349401982,16,confirm-baseline,10,2.5765419006347656,10,0.05,5
960319082.177677,287.4444424949516,1.0450536795796497,23,confirm-baseline,11,2.5738587379455566,10,0.05,5
851683753.8346395,286.7223926562942,1.0188511166615968,21,confirm-baseline,12,2.5791451930999756,10,0.05,5
1522502680.7992592,43.136722527677605,0.8939473279088447,25,confirm-baseline,13,2.577397584915161,10,0.05,5
1154188099.1776347,346.0365144366616,1.0238026067324333,13,confirm-baseline,14,2.584939479827881,10,0.05,5
2515711798.81781,124.31093765501319,1.0187765251662808,21,confirm-combined-best,0,3.3487884998321533,20,0.01,5
978555700.7960033,50.67347751643872,0.9535293963672342,18,confirm-combined-best,1,3.3392794132232666,20,0.01,5
1818118728.6236675,167.64476428763098,1.054088031954355,15,confirm-combined-best,2,3.3499226570129395,20,0.01,5
2185677413.62201,481.39568666266064,1.0582138067351883,15,confirm-combined-best,3,3.3467884063720703,20,0.01,5
1603225795.821185,375.1805840397726,1.052966651039267,14,confirm-combined-best,4,3.3348591327667236,20,0.01,5
1349836422.852451,517.3928164948536,1.12005363185173,20,confirm-combined-best,5,3.3463449478149414,20,0.01,5
1361539032.4631803,398.88627740402194,1.0736688819826523,15,confirm-combined-best,6,3.3303072452545166,20,0.01,5
2141977251.646109,74.27537626452204,1.0023923168903137,15,confirm-combined-best,7,3.3412349224090576,20,0.01,5
1381473851.8165696,302.24311606966245,1.0737429368501938,19,confirm-combined-best,8,3.3436286449432373,20,0.01,5
2157355032.0831122,28.291157458412563,0.983453680829786,17,confirm-combined-best,9,3.3451955318450928,20,0.01,5
2620417679.4155273,17.651433233134693,0.9296595605545601,12,confirm-combined-best,10,3.3498716354370117,20,0.01,5
2365329465.253102,258.5851630167467,1.0982018947819039,19,confirm-combined-best,11,3.342344045639038,20,0.01,5
1532968227.7282245,378.12806517862555,1.0520973831431317,17,confirm-combined-best,12,3.346782684326172,20,0.01,5
2156992727.1504874,278.98811173424525,1.08853749887377,23,confirm-combined-best,13,3.349241018295288,20,0.01,5
3719176301.023267,57.35083070848989,1.017287936399894,15,confirm-combined-best,14,3.4085886478424072,20,0.01,5
